epoch,train_loss,train_acc,train_clean_loss,train_clean_acc,val_loss,val_acc,lr,mixup_prob
1,1.5017793444143672,0.4889277059610198,0.4451290243305266,0.6497395833333334,0.44076848672482283,0.6492139147755567,0.001216748797920961,0.4
2,1.2052199308361327,0.5790644876000022,0.3785978853702545,0.7122395833333334,0.37602954259966603,0.7103933983068934,0.0024094035602395267,0.3642857142857143
3,1.2013378124050542,0.5800280892659747,0.3904069890268147,0.7073567708333334,0.3890641061359223,0.702994949135662,0.001216748797920961,0.3285714285714286
4,1.1278050720286208,0.6065644333624786,0.35978995682671666,0.7195638020833334,0.3610623182498723,0.7182186810841573,0.0024094035602395267,0.29285714285714287
5,1.0845790449656596,0.6134698977546086,0.36220983136445284,0.7224934895833334,0.36515684706214785,0.7178629864124635,0.001216748797920961,0.2571428571428572
6,1.0240590233786577,0.6318213270635021,0.34569784021005034,0.7355143229166666,0.34835154421300496,0.7296009105783595,0.0024094035602395267,0.22142857142857145
7,1.0069992698374248,0.6327467213750156,0.3496953109279275,0.73974609375,0.3543775881635114,0.7370704986839297,0.001216748797920961,0.18571428571428575
8,0.923683011258135,0.6575894680152945,0.3427397427149117,0.7381184895833334,0.34462621766498,0.7389912499110763,0.0024094035602395267,0.15000000000000002
