epoch,train_loss,train_acc,train_clean_loss,train_clean_acc,val_loss,val_acc,lr,mixup_prob
1,1.4875649623636074,0.45473176328202863,0.38845724100247025,0.6256510416666666,0.39647608451845295,0.6252574756729882,0.0006982241977511515,0.4
2,1.176225307943056,0.5599725066299956,0.35361756198108196,0.6474609375,0.3644995776074745,0.6479863626678031,0.0013826221737646563,0.3642857142857143
3,1.122258554189031,0.5728106098318073,0.3441096842288971,0.67333984375,0.3525928033076444,0.6687264720505718,0.0006982241977511515,0.3285714285714286
4,0.9941016426009517,0.6152357954930369,0.32109527103602886,0.68798828125,0.330342735426019,0.6878329426805881,0.0013826221737646563,0.29285714285714287
5,0.9672961259333509,0.6202697075890766,0.3230611328035593,0.6857096354166666,0.33196745484895906,0.6860572483841182,0.0006982241977511515,0.2571428571428572
6,0.8435249985377533,0.6583276171433298,0.2979164815042168,0.71044921875,0.30806665061227856,0.7096384686412387,0.0013826221737646563,0.22142857142857145
7,0.8837618688674855,0.6418590946054485,0.318122839089483,0.6941731770833334,0.3294508073875042,0.6865544427871297,0.0006982241977511515,0.18571428571428575
8,0.7764053755583706,0.6760471318155341,0.2878977609798312,0.72119140625,0.299882466131859,0.7128347183748845,0.0013826221737646563,0.15000000000000002
